<?xml version="1.0" encoding="utf-8"?>
<temas>
  <tema unit="Características de la Consulta de Supervisión de Salud de Adolescentes">
    <filename>0Situación en Chile</filename>
    <title>Situación en Chile</title>
    <nav>
      <menu>
        <menu-item active="yes" module="0">Situación en Chile</menu-item>
        <menu-item active="" module="1">Enfoque de Derechos</menu-item>
        <menu-item active="" module="2">Principios bioéticos</menu-item>
        <menu-item active="" module="3">Síntesis</menu-item>
      </menu>
    </nav>
    <content>
      <p class="Text_20_body">Los servicios de atención para adolescentes que brinden atención integral, confidencial y de calidad <b>aún son insuficientes en nuestro país</b>. Si bien ha habido un aumento de los Espacios Amigables (EA), éste no ha sido sustancial.</p>
      <p>En el sistema público de salud, se identifican como <b>principales barreras de acceso</b> a las prestaciones para adolescentes:</p>
      <ul>
        <li>
          <p class="P2">burocracia al solicitar horas;</p>
        </li>
        <li>
          <p class="P2">falta de privacidad y confidencialidad;</p>
        </li>
        <li>
          <p class="P2">salas de espera inadecuadas;</p>
        </li>
        <li>
          <p class="P2">trato poco amigable;</p>
        </li>
        <li>
          <p class="P2">falta de herramientas de los profesionales de salud para el abordaje de la salud de adolescentes.</p>
        </li>
      </ul>
    </content>
    <pie>
      <next module="1">Enfoque de Derechos</next>
    </pie>
  </tema>
  <tema unit="Características de la Consulta de Supervisión de Salud de Adolescentes">
    <filename>1Enfoque de Derechos</filename>
    <title>Enfoque de Derechos</title>
    <nav>
      <menu>
        <menu-item active="" module="0">Situación en Chile</menu-item>
        <menu-item active="yes" module="1">Enfoque de Derechos</menu-item>
        <menu-item active="" module="2">Principios bioéticos</menu-item>
        <menu-item active="" module="3">Síntesis</menu-item>
      </menu>
    </nav>
    <content>
      <p class="Text_20_body">Postula el <b>reconocimiento pleno de la titularidad de los derechos de los/las adolescentes</b> y capacidad progresiva para ejercerlos, permitiendo la toma de decisiones de manera libre e informada en aspectos que les atañen directamente. Concibe al adolescente como sujeto activo, participativo, creativo, con capacidad para modificar su propio medio personal y social, para participar en la búsqueda y solución de sus necesidades.</p>
      <iframe width="100%" height="546" frameBorder="0" src="articulates/ley/story.html">
        Su navegador no es compatible. Por favor, descargue un navegador más reciente. 
    </iframe>
    </content>
    <pie>
      <prev module="0">Situación en Chile</prev>
      <next module="2">Principios bioéticos</next>
    </pie>
  </tema>
  <tema unit="Características de la Consulta de Supervisión de Salud de Adolescentes">
    <filename>2Principios bioéticos</filename>
    <title>Principios bioéticos</title>
    <nav>
      <menu>
        <menu-item active="" module="0">Situación en Chile</menu-item>
        <menu-item active="" module="1">Enfoque de Derechos</menu-item>
        <menu-item active="yes" module="2">Principios bioéticos</menu-item>
        <menu-item active="" module="3">Síntesis</menu-item>
      </menu>
    </nav>
    <content>
      <iframe width="100%" height="546" frameBorder="0" src="articulates/principios/story.html">
        Su navegador no es compatible. Por favor, descargue un navegador más reciente. 
    </iframe>
    </content>
    <pie>
      <prev module="1">Enfoque de Derechos</prev>
      <next module="3">Síntesis</next>
    </pie>
  </tema>
  <tema unit="Características de la Consulta de Supervisión de Salud de Adolescentes">
    <filename>3Síntesis</filename>
    <title>Síntesis</title>
    <nav>
      <menu>
        <menu-item active="" module="0">Situación en Chile</menu-item>
        <menu-item active="" module="1">Enfoque de Derechos</menu-item>
        <menu-item active="" module="2">Principios bioéticos</menu-item>
        <menu-item active="yes" module="3">Síntesis</menu-item>
      </menu>
    </nav>
    <content>
      <p class="Text_20_body">Finalmente es importante mencionar que<b> los profesionales deberían estar preparados en este tema</b>, para conocer y otorgar adecuadamente toda la información, resolver las dudas, asesorar y respetar sin ejercer presiones en la toma de decisiones, aun cuando no correspondan a nuestros valores o creencias (Montero y González, 2010).</p>
    </content>
    <pie>
      <prev module="2">Principios bioéticos</prev>
    </pie>
  </tema>
</temas>
